item_name,current_stock,total_requested,last_updated
04712SWAA91,1.0,0.0,2025-09-15 06:42:46
10mm Clear Temeperd Glass,3.67,0.0,2025-09-15 06:42:46
12V 1A Power Adapter,4.0,0.0,2025-09-15 06:42:46
16 GB (4 x 4 GB) LPDDR4x at 4267 MT/s RAM for Dell,1.0,0.0,2025-09-15 06:42:46
18W LED Panel Light Ceiling Down Lights Surface Mo,36.0,0.0,2025-09-15 06:42:46
2'' small hand brush,1.0,0.0,2025-09-15 06:42:46
2000 Liter Roto (Fiber glas Water tank Horizontal ,1.0,0.0,2025-09-15 06:42:46
2091003A00 Serai Gasket  with Chassis Num MALAN51C,1.0,0.0,2025-09-15 06:42:46
2131003010 Oil Pump with Chassis Num MALAN51C9BM64,1.0,0.0,2025-09-15 06:42:46
2432103000 Timing Chain  with Chassis Num MALAN51C,1.0,0.0,2025-09-15 06:42:46
2442003000 Tensioner Arm ASSY with Chassis Num MAL,1.0,0.0,2025-09-15 06:42:46
2443103000 Chain Guide with Chassis Num MALAN51C9B,1.0,0.0,2025-09-15 06:42:46
2443203000 GUIDE-CHAIN with Chassis Num MALAN51C9B,1.0,0.0,2025-09-15 06:42:46
2443303000 GUIDE-CHAIN with Chassis Num MALAN51C9B,1.0,0.0,2025-09-15 06:42:46
2510003010 Water Pump with Chassis Num MALAN51C9BM,1.0,0.0,2025-09-15 06:42:46
281110X000 COVER-AIR CLEANER Chassis Num MALAM51BB,1.0,0.0,2025-09-15 06:42:46
2ft Twin 18w Fluorescent Fitting with Tubes,25.0,0.0,2025-09-15 06:42:46
3 Angle emergency,9.0,0.0,2025-09-15 06:42:46
"3-cell, 31 WH Li-ion battery for HP Pavilion 15-au",1.0,0.0,2025-09-15 06:42:46
"3-cell, 41 Wh Li-ion battery for HP Pavilion x360 ",1.0,0.0,2025-09-15 06:42:46
"34Wh HT03XL recharchable Li-ion Battery, 3000mAh r",1.0,0.0,2025-09-15 06:42:46
3D letter sinage Central ethipoia regional state,1.0,0.0,2025-09-15 06:42:46
3D logo 1,1.0,0.0,2025-09-15 06:42:46
3D logo 2,1.0,0.0,2025-09-15 06:42:46
3D logo MINT,3.0,0.0,2025-09-15 06:42:46
3D logo MOUI,1.0,0.0,2025-09-15 06:42:46
4565002400,1.0,0.0,2025-09-15 06:42:46
4630823000  HARNESS Chassis Num MALAN51CXEM521400 ,1.0,0.0,2025-09-15 06:42:46
"4Wh HT03XL recharchable Li-ion Battery, 3000mAh re",1.0,0.0,2025-09-15 06:42:46
50 Furring channel Iron sheet metal type:50x19x300,240.0,0.0,2025-09-15 06:42:46
50W Flood light for outdoor,9.0,0.0,2025-09-15 06:42:46
583050XA00,2.0,0.0,2025-09-15 06:42:46
6 Meter RHS,13.0,14.0,2025-09-15 06:42:46
6 Meter RHS-,2.0,0.0,2025-09-15 06:42:46
65 W Smart AC power adapter for HP Pavilion x360 -,1.0,0.0,2025-09-15 06:42:46
7116224,16.0,0.0,2025-09-15 06:42:46
7600483,1.0,0.0,2025-09-15 06:42:46
7604269,16.0,0.0,2025-09-15 06:42:46
7605300,1.0,0.0,2025-09-15 06:42:46
7605314,1.0,0.0,2025-09-15 06:42:46
7606756,4.0,0.0,2025-09-15 06:42:46
7607075,16.0,0.0,2025-09-15 06:42:46
76806SMAJ02,1.0,0.0,2025-09-15 06:42:46
79714 Honda CRV   Bridgestone Tire 225/65 R17 102H,4.0,0.0,2025-09-15 06:42:46
8 GB DDR3 RAM for HP EliteBook 840 G1,1.0,0.0,2025-09-15 06:42:46
8 GB DDR4-2666 MHz RAM (1 x 8 GB) Transfer rates u,3.0,0.0,2025-09-15 06:42:46
8 GB DDR4-2666 SDRAM (1 x 8 GB)(RAM) for HP Pavili,1.0,0.0,2025-09-15 06:42:46
8 GB DDR4-3200 MHz RAM (1 x 8 GB) Transfer rates u,1.0,0.0,2025-09-15 06:42:46
8 GB DDR4-3200 MT/s SDRAM (1x8GB) 16 for HP EliteB,2.0,0.0,2025-09-15 06:42:46
8*8 Scatola with Socket,5.0,0.0,2025-09-15 06:42:46
868200X200,16.0,0.0,2025-09-15 06:42:46
90 degree Fermo  Black color,10.0,0.0,2025-09-15 06:42:46
A 3 Paper (Double A),2.0,0.0,2025-09-15 06:42:46
A-FLEX-3,1.0,0.0,2025-09-15 06:42:46
A-FLEX-ENH-CUBE,100.0,0.0,2025-09-15 06:42:46
A-FLEX-EXPWY-DSK-S,100.0,0.0,2025-09-15 06:42:46
A-FLEX-FILESTG-ENT,40000.0,0.0,2025-09-15 06:42:46
A-FLEX-MSG-NU-ENT,100.0,0.0,2025-09-15 06:42:46
A-FLEX-NUPL-P,100.0,0.0,2025-09-15 06:42:46
A-FLEX-P-ER,900.0,0.0,2025-09-15 06:42:46
A-FLEX-P-PRO,100.0,0.0,2025-09-15 06:42:46
A-FLEX-P-UCXN,100.0,0.0,2025-09-15 06:42:46
A-FLEX-PROPACK-ENT,100.0,0.0,2025-09-15 06:42:46
A-FLEX-SRST-E,400.0,0.0,2025-09-15 06:42:46
A-FLEX-SW-14-K9,1.0,0.0,2025-09-15 06:42:46
A2219057100 GERMANY brand Wheel Speed Sensor,1.0,0.0,2025-09-15 06:42:46
A3 Envelope,9900.0,104.0,2025-09-15 06:42:46
A4 Envelope,200.0,413.0,2025-09-15 06:42:46
A4 certification paper,1.0,0.0,2025-09-15 06:42:46
A4 enveloper,9.0,5.0,2025-09-15 06:42:46
A4 hard paper 180G for certification purchase,1.0,0.0,2025-09-15 06:42:46
A4 hard paper 250 G,3.0,0.0,2025-09-15 06:42:46
A4 paper,50.0,0.0,2025-09-15 06:42:46
"A4 trifold,  150g paper",50.0,0.0,2025-09-15 06:42:46
"A5 trifold,  150g paper",50.0,0.0,2025-09-15 06:42:46
AAU- AAiT Fiber path Manhol Labling  from 01 -23 2,23.0,0.0,2025-09-15 06:42:46
ABRO(radiator coolant ) 3.785 litter,3.0,0.0,2025-09-15 06:42:46
AC  circuit braeker,5.0,0.0,2025-09-15 06:42:46
AC Gauge purchase,1.0,1.0,2025-09-15 06:42:46
"AC stastic EEU  meter 3phase 4 wire 3*240,100A",1.0,0.0,2025-09-15 06:42:46
ACS-4460-FANASSY,1.0,0.0,2025-09-15 06:42:46
ANC6A-URJ45,1.0,0.0,2025-09-15 06:42:46
ANC6ASPGY-1MT-LSZH,2500.0,0.0,2025-09-15 06:42:46
ANC6UPKJTLS-180,6400.0,0.0,2025-09-15 06:42:46
ANC6UPP-24-BL,9.0,0.0,2025-09-15 06:42:46
ANPC-OM3-LC-LC-DP-100MT,9.0,0.0,2025-09-15 06:42:46
ANPC-OM3-LC-LC-DP-50MT,64.0,0.0,2025-09-15 06:42:46
ATS 100A ATS,1.0,0.0,2025-09-15 06:42:46
"Abadi Aregawi- 3-cell, 41 Wh Li-ion battery for HP",1.0,0.0,2025-09-15 06:42:46
Adapter,16.0,0.0,2025-09-15 06:42:46
Addisu Aynayehu titeer purchas,1.0,0.0,2025-09-15 06:42:46
Agrigate 02(Teter),4.0,0.0,2025-09-15 06:42:46
"Ahmed Oumer - 3-cell, 41 Wh Li-ion battery for HP ",2.0,0.0,2025-09-15 06:42:46
"Ahmed Oumer, Surafel Mohammed and Mebratu Tadesse ",3.0,0.0,2025-09-15 06:42:46
Air Cleaner,1.0,0.0,2025-09-15 06:42:46
Alkaline battery  AA LR6 1.5V,16.0,0.0,2025-09-15 06:42:46
Alkaline battery for Tempared glass access control,12.0,0.0,2025-09-15 06:42:46
Almunim profile L black color,25.0,0.0,2025-09-15 06:42:46
Almuniuim  Profil 3M,24.0,0.0,2025-09-15 06:42:46
Amare Misganie AC Charger for hp probook 440 G3,1.0,0.0,2025-09-15 06:42:46
Anchor bolt,44.0,0.0,2025-09-15 06:42:46
Anco bolt,16.0,0.0,2025-09-15 06:42:46
Ancor bolt 10mm,16.0,0.0,2025-09-15 06:42:46
Angle Valve half inch,144.0,0.0,2025-09-15 06:42:46
Angle iron,1.0,0.0,2025-09-15 06:42:46
Anti rust gray,1.0,0.0,2025-09-15 06:42:46
Anti rust paint gray,2.0,0.0,2025-09-15 06:42:46
Atakini(flexible hose and T-valve ),9.0,0.0,2025-09-15 06:42:46
Atakinin,3.0,0.0,2025-09-15 06:42:46
Audio cable,4.0,0.0,2025-09-15 06:42:46
Automatic Transmission Fluid (ATF) T-IV 97714 Hond,1.0,0.0,2025-09-15 06:42:46
BIG L Pach,2.0,0.0,2025-09-15 06:42:46
BIG Puncher,2.0,0.0,2025-09-15 06:42:46
"Backdrop design 1, 4mX 2.5m",1.0,0.0,2025-09-15 06:42:46
Badge lanyard,100.0,0.0,2025-09-15 06:42:46
Balck Screw,9.0,0.0,2025-09-15 06:42:46
Battery for HP Laptop 15-bs0xx,1.0,0.0,2025-09-15 06:42:46
Battery for HP Notebook,1.0,0.0,2025-09-15 06:42:46
Battery for Toshiba Satelite C55-C,1.0,0.0,2025-09-15 06:42:46
Battry 1.5V,15.0,0.0,2025-09-15 06:42:46
Battry 9V,8.0,0.0,2025-09-15 06:42:46
Battry X-Pro 45AH,1.0,0.0,2025-09-15 06:42:46
Bed 1.50,1.0,0.0,2025-09-15 06:42:46
Betelehem Fiseha Battery for toshiba Satellite L55,1.0,0.0,2025-09-15 06:42:46
Big Mefas,1.0,0.0,2025-09-15 06:42:46
Bin card,200.0,0.0,2025-09-15 06:42:46
Binyam Tekle titeer purchas,1.0,0.0,2025-09-15 06:42:46
Black Paint,6.0,0.0,2025-09-15 06:42:46
Black spray,2.0,0.0,2025-09-15 06:42:46
Bleech 5L,7.0,0.0,2025-09-15 06:42:46
Bleech 5L purchase,2.0,0.0,2025-09-15 06:42:46
Blocket        Size 20cm,100.0,0.0,2025-09-15 06:42:46
Blocket Size 10cm,200.0,0.0,2025-09-15 06:42:46
Boiler HD9350,4.0,0.0,2025-09-15 06:42:46
Both side Key,2.0,0.0,2025-09-15 06:42:46
Bottom Patch,2.0,0.0,2025-09-15 06:42:46
Box File,3710.0,172.0,2025-09-15 06:42:46
Box file purchas,50.0,0.0,2025-09-15 06:42:46
Brake Pad Front,1.0,0.0,2025-09-15 06:42:46
Braker- C50A,4.0,0.0,2025-09-15 06:42:46
Braker-C 32A,1.0,0.0,2025-09-15 06:42:46
Braker-C16A,64.0,0.0,2025-09-15 06:42:46
Branch Office 1.5 Meter Printer USB Cable,9.0,0.0,2025-09-15 06:42:46
Branch Office 2 Meter UPS Power Cable,9.0,0.0,2025-09-15 06:42:46
Breaker  16 A single phase,5.0,0.0,2025-09-15 06:42:46
Breaker  16A,3.0,0.0,2025-09-15 06:42:46
Breaker 160 A,1.0,0.0,2025-09-15 06:42:46
Breaker 16A,1.0,0.0,2025-09-15 06:42:46
Breakers,4.0,0.0,2025-09-15 06:42:46
Breker for access control  and kitchen,10.0,0.0,2025-09-15 06:42:46
Brush,1.0,0.0,2025-09-15 06:42:46
Burish,2.0,0.0,2025-09-15 06:42:46
Burish 4mm,3.0,0.0,2025-09-15 06:42:46
Burish Meto aleka,3.0,0.0,2025-09-15 06:42:46
Bus Front sticker,1.0,0.0,2025-09-15 06:42:46
C - Clamp,200.0,0.0,2025-09-15 06:42:46
C Clamp,20.0,0.0,2025-09-15 06:42:46
C clamp,28.0,0.0,2025-09-15 06:42:46
C-Clamp,250.0,0.0,2025-09-15 06:42:46
"C-Clamp  1""  C-Clamp",1000000.0,0.0,2025-09-15 06:42:46
C-Clamp 19mm plastic C-clamp,20.0,0.0,2025-09-15 06:42:46
C-clamp,1512.0,200.0,2025-09-15 06:42:46
"C-clamp 1""",80.0,0.0,2025-09-15 06:42:46
C-clamp 1'',100.0,0.0,2025-09-15 06:42:46
C-clamp 19MM,300.0,0.0,2025-09-15 06:42:46
C-clamp 32mm,50.0,0.0,2025-09-15 06:42:46
C-clamp 50mm,40.0,0.0,2025-09-15 06:42:46
C-clamp25mm,20.0,0.0,2025-09-15 06:42:46
C14 Power Cable,16.0,0.0,2025-09-15 06:42:46
C9300X-24HX-M,1.0,0.0,2025-09-15 06:42:46
C9300X-NM-8Y-M,1.0,0.0,2025-09-15 06:42:46
CAB-C13-C14-2M,1.0,0.0,2025-09-15 06:42:46
CMOS Battery,100.0,0.0,2025-09-15 06:42:46
CON-SNT-ISR44619,1.0,0.0,2025-09-15 06:42:46
CON-SNT-P8XK96X7,100.0,0.0,2025-09-15 06:42:46
COVER-ENGINE UNDER RH  with car plate no (21141),1.0,0.0,2025-09-15 06:42:46
CP-8861-K9=,100.0,0.0,2025-09-15 06:42:46
CP-PWR-CORD-CE=,100.0,0.0,2025-09-15 06:42:46
Cabel lug,10.0,0.0,2025-09-15 06:42:46
Cabel tie,1.0,0.0,2025-09-15 06:42:46
Cable Manager,8.0,0.0,2025-09-15 06:42:46
Cable lug,6.0,0.0,2025-09-15 06:42:46
Cable lug #25,40.0,0.0,2025-09-15 06:42:46
Cable lug #35,20.0,0.0,2025-09-15 06:42:46
Cable lug #70,1600.0,0.0,2025-09-15 06:42:46
Cable tie,15.0,5.0,2025-09-15 06:42:46
Cafteria  Table,200.0,0.0,2025-09-15 06:42:46
Cafteria  light,361.0,0.0,2025-09-15 06:42:46
Cafteria  window curtainn,9.0,0.0,2025-09-15 06:42:46
Cafteria Chair,3200.0,0.0,2025-09-15 06:42:46
Café Cap,4.0,0.0,2025-09-15 06:42:46
Café uniform Dress with coat,1.0,0.0,2025-09-15 06:42:46
Café uniform Dress with shirt,1.0,0.0,2025-09-15 06:42:46
Caliper Bolt,1.0,0.0,2025-09-15 06:42:46
Car Paint  TR 050,13.0,0.0,2025-09-15 06:42:46
Cat 6A Utp cable  As per the sample   (G link Bran,3249.0,0.0,2025-09-15 06:42:46
Ceiling Down Light,2.0,0.0,2025-09-15 06:42:46
Ceiling Hook,1.0,0.0,2025-09-15 06:42:46
Ceiling Hook 6mm 1packet-144 pcs,12.0,0.0,2025-09-15 06:42:46
Ceiling L angle hanger wire,40.0,0.0,2025-09-15 06:42:46
Cement,31.0,24.0,2025-09-15 06:42:46
Ceramic 20*30,6.0,19.0,2025-09-15 06:42:46
Ceramic 30*30,19.0,0.0,2025-09-15 06:42:46
Ceramic Mug,5.0,0.0,2025-09-15 06:42:46
Chair Wear for BYD  cars,7.0,0.0,2025-09-15 06:42:46
Chair Wear for Isuzu,1.0,0.0,2025-09-15 06:42:46
Chair Wear for pick up cars,2.0,0.0,2025-09-15 06:42:46
Chargeable punta,4.0,0.0,2025-09-15 06:42:46
Charger for Mac book 16.5V -3.65 A,1.0,0.0,2025-09-15 06:42:46
Charger for Toshiba Tecra R840 laptop--- Bethelhem,1.0,0.0,2025-09-15 06:42:46
Cifone,12.0,0.0,2025-09-15 06:42:46
Circuit breaker  C16/1p,8.0,0.0,2025-09-15 06:42:46
Circuit breaker C40 /1p,10.0,0.0,2025-09-15 06:42:46
Circuit breaker C63 /3p,3.0,0.0,2025-09-15 06:42:46
Clamp,22500.0,0.0,2025-09-15 06:42:46
Class Room  Table,338.0,0.0,2025-09-15 06:42:46
Class Room Chair,9800.0,0.0,2025-09-15 06:42:46
Class room light,144.0,0.0,2025-09-15 06:42:46
Cloth American safty cloth,24.0,0.0,2025-09-15 06:42:46
Clothes Iron,1.0,0.0,2025-09-15 06:42:46
Clutch Cover,1.0,1.0,2025-09-15 06:42:46
Clutch disc,1.0,0.0,2025-09-15 06:42:46
Concrete nail 6,2.0,0.0,2025-09-15 06:42:46
Concrit punta 10,1.0,0.0,2025-09-15 06:42:46
Concrit punta 6,3.0,0.0,2025-09-15 06:42:46
Conduit (regide),30.0,0.0,2025-09-15 06:42:46
Conduit 19 mm 3 meter length conduit,400.0,0.0,2025-09-15 06:42:46
Cooridor Light,36.0,0.0,2025-09-15 06:42:46
Copper pipe,2.0,0.0,2025-09-15 06:42:46
"Copper pipe insullation 1/4"" insullation (1.8m)",6.0,0.0,2025-09-15 06:42:46
"Copper pipe insullation 5/8"" insullation (1.8m)",6.0,0.0,2025-09-15 06:42:46
Core Value Measuring A1 paper 841 x 594 mm (33.1 x,2.0,0.0,2025-09-15 06:42:46
Cover Engine under LH,1.0,0.0,2025-09-15 06:42:46
Cover Engine under RH,1.0,0.0,2025-09-15 06:42:46
Curtain,2.54,0.0,2025-09-15 06:42:46
Dado 17mm,50.0,0.0,2025-09-15 06:42:46
Dash Bord Oil,8.0,0.0,2025-09-15 06:42:46
Dash board oil,3.0,0.0,2025-09-15 06:42:46
Dawit Alemseged - 8 GB DDR3 RAM for HP EliteBook F,1.0,0.0,2025-09-15 06:42:46
Dawit Alemseged HP 19.5V 3.33A 65W Replacement AC ,1.0,0.0,2025-09-15 06:42:46
Deformed re bar,6.0,0.0,2025-09-15 06:42:46
Detol,100.0,0.0,2025-09-15 06:42:46
Detoll,20.0,0.0,2025-09-15 06:42:46
Detoll purchase,15.0,0.0,2025-09-15 06:42:46
"Dimmer
Switch",3.0,0.0,2025-09-15 06:42:46
Dimmer Switch,2304.0,0.0,2025-09-15 06:42:46
Disc 125mm,9.0,0.0,2025-09-15 06:42:46
Disc 180mm,2.0,0.0,2025-09-15 06:42:46
Dish soap 5l purchase,2.0,0.0,2025-09-15 06:42:46
Dish wash  5 L,1.0,0.0,2025-09-15 06:42:46
Dish wash 5L,2.0,0.0,2025-09-15 06:42:46
Disk,5.0,0.0,2025-09-15 06:42:46
Dog skin,5.0,0.0,2025-09-15 06:42:46
Door accessories,1.0,0.0,2025-09-15 06:42:46
Drill bit total brand,25.0,0.0,2025-09-15 06:42:46
Drill punta 6mm,12.0,0.0,2025-09-15 06:42:46
Duable gang switch,36.0,0.0,2025-09-15 06:42:46
Dulentiy Thiner,10.0,0.0,2025-09-15 06:42:46
Duster Deil 7834,25.0,0.0,2025-09-15 06:42:46
EZVIZ TY2 Full HD 1080 Wireless camera,4.0,0.0,2025-09-15 06:42:46
Earthing Road 1.2mtrs,1.0,0.0,2025-09-15 06:42:46
Earthing rod 1.2 M,1.0,0.0,2025-09-15 06:42:46
Earthing rod1.2m,1.0,0.0,2025-09-15 06:42:46
Edge L angle frame plastic L angle for edge chacki,746496.0,0.0,2025-09-15 06:42:46
Ega sheet,39.0,0.0,2025-09-15 06:42:46
Elbo 1',10.0,0.0,2025-09-15 06:42:46
Elbo 110,2.0,0.0,2025-09-15 06:42:46
Elbow,173.0,170.0,2025-09-15 06:42:46
Electric Lastro,45.0,0.0,2025-09-15 06:42:46
Electric Wire 2.5mm,4.0,0.0,2025-09-15 06:42:46
Electrod,2.0,0.0,2025-09-15 06:42:46
Electrode,1.0,0.0,2025-09-15 06:42:46
Electrode 2.5,4.0,0.0,2025-09-15 06:42:46
Electrode 2.5m,2.0,0.0,2025-09-15 06:42:46
Elshaday Bimrew 45W AC Charger for HP 250 G8 Noteb,1.0,0.0,2025-09-15 06:42:46
Energizer Car battry 12V 45AH  for Toyota Paso 067,1.0,0.0,2025-09-15 06:42:46
Engine oil 15W-40  4litter,3.0,0.0,2025-09-15 06:42:46
Engine oil 15W-40 4 litter,3.0,0.0,2025-09-15 06:42:46
Espresso Coffeemaker GCM6103,1.0,0.0,2025-09-15 06:42:46
Estifanos Alemseged,3.0,0.0,2025-09-15 06:42:46
Estiko,3.0,0.0,2025-09-15 06:42:46
Ethio Telecom,841.0,0.0,2025-09-15 06:42:46
Eye Glassk,38.0,0.0,2025-09-15 06:42:46
Fasheta 3/4,4.0,0.0,2025-09-15 06:42:46
Fashita 250mm,3.0,0.0,2025-09-15 06:42:46
Fashita 300mm,3.0,0.0,2025-09-15 06:42:46
Fashita 400mm,3.0,0.0,2025-09-15 06:42:46
Fasika Woldeluel 65W AC Charger for HP 12th Gen In,1.0,0.0,2025-09-15 06:42:46
Fermo 90,28.0,0.0,2025-09-15 06:42:46
Feven Missaw,3.0,0.0,2025-09-15 06:42:46
Fiber Patch Cable,12852.0,0.0,2025-09-15 06:42:46
Fiber adaptor,120.0,0.0,2025-09-15 06:42:46
Fikirte Kibru titeer purchas,1.0,0.0,2025-09-15 06:42:46
Fikirte Mekonnen titeer purchas,1.0,0.0,2025-09-15 06:42:46
Filler,6.0,0.0,2025-09-15 06:42:46
Finder piler,4.0,0.0,2025-09-15 06:42:46
Fire extingusher,2.0,0.0,2025-09-15 06:42:46
Firetingusher,9.0,0.0,2025-09-15 06:42:46
First Aid Kit,49.0,8.0,2025-09-15 06:42:46
Fisher,64.0,15.0,2025-09-15 06:42:46
Fisher  8MM,2304.0,0.0,2025-09-15 06:42:46
Fisher 6.,1225.0,0.0,2025-09-15 06:42:46
Fisher 6mm,14.0,0.0,2025-09-15 06:42:46
Fisher 6mm for ceiling hook,24.0,0.0,2025-09-15 06:42:46
Flat piato 15x2mm,1.0,0.0,2025-09-15 06:42:46
Flexable Condiut,32.0,1.0,2025-09-15 06:42:46
Flexible conduit 16mm 1pcs-3m,9.0,0.0,2025-09-15 06:42:46
Floor socket double pin,10.0,0.0,2025-09-15 06:42:46
Floor socket single pin,3.0,0.0,2025-09-15 06:42:46
Fluid,5.0,0.0,2025-09-15 06:42:46
Foam,13.0,0.0,2025-09-15 06:42:46
Foam spray,2.0,0.0,2025-09-15 06:42:46
Foldable Downlights,3.0,0.0,2025-09-15 06:42:46
Fom 1.50,1.0,0.0,2025-09-15 06:42:46
For H- Hyundai 68082- AC Filter,2.0,0.0,2025-09-15 06:42:46
For H- Hyundai 68082- Air Cleaner,2.0,0.0,2025-09-15 06:42:46
For H- Hyundai 68082-Oil Filter,5.0,0.0,2025-09-15 06:42:46
For H- Hyundai 68082-Spark Plug,1.0,0.0,2025-09-15 06:42:46
For Hyundai i10s MALAN51CXEM521400 CV-Air Cleaner,1.0,0.0,2025-09-15 06:42:46
For Hyundai i10s MALAN51CXEM521400 CV-Air water pu,1.0,0.0,2025-09-15 06:42:46
For Hyundai i10s MALAN51CXEM521400 CV-Gasket,1.0,0.0,2025-09-15 06:42:46
Foton bus 33 seat,1.0,0.0,2025-09-15 06:42:46
Frame Gypsum,20.0,0.0,2025-09-15 06:42:46
Fuel filter,3.0,0.0,2025-09-15 06:42:46
Fuel filter Fleet guard FF 5327,1.0,0.0,2025-09-15 06:42:46
Fuel filter Fleet guard FS 1280,1.0,0.0,2025-09-15 06:42:46
Fuel filter Fleet guard FS 5052,1.0,0.0,2025-09-15 06:42:46
Fuse holder  32 A,5.0,0.0,2025-09-15 06:42:46
GUARD ASSY-FR WHEEL RH with car plate no (21141),1.0,0.0,2025-09-15 06:42:46
Gatedoor matt purchase,4.0,0.0,2025-09-15 06:42:46
Gearbox support Front,2.0,0.0,2025-09-15 06:42:46
Gearbox support side,1.0,0.0,2025-09-15 06:42:46
"Gelila Tegegn 3-cell, 41 Wh Li-ion battery for HP ",1.0,0.0,2025-09-15 06:42:46
Generator TC70L,1.0,0.0,2025-09-15 06:42:46
Generator house Mesh 2x1 M,16.0,0.0,2025-09-15 06:42:46
Glass door hydraulic accessory,80.0,0.0,2025-09-15 06:42:46
Glove,228.0,0.0,2025-09-15 06:42:46
Golden Screw,3.0,2.0,2025-09-15 06:42:46
Golden screw,3.0,0.0,2025-09-15 06:42:46
Golden screw 6mm,2.0,0.0,2025-09-15 06:42:46
Golden screw 8MM,2304.0,0.0,2025-09-15 06:42:46
Grandy Perfum,1.0,0.0,2025-09-15 06:42:46
Gravel 02 Gravel (Aggregate ),2.5,0.0,2025-09-15 06:42:46
Grinder Disk cutting disc,3.0,0.0,2025-09-15 06:42:46
Guard ASSY front wheel LH,1.0,0.0,2025-09-15 06:42:46
Guard ASSY front wheel RH,1.0,0.0,2025-09-15 06:42:46
Guest Chair,81.0,0.0,2025-09-15 06:42:46
Guroro Conduit,3.0,0.0,2025-09-15 06:42:46
Guroro Conduite,1350.0,0.0,2025-09-15 06:42:46
Guroro conduit,3.0,0.0,2025-09-15 06:42:46
"Guroro conduit  for AC hose 1/2"" guroro conduit",14400.0,0.0,2025-09-15 06:42:46
"Guroro conduit 1"" mm guroro conduite",400.0,0.0,2025-09-15 06:42:46
Guroro conduite,2.0,1.0,2025-09-15 06:42:46
"Guroro conduite 1/2""",12.0,0.0,2025-09-15 06:42:46
Gust Chair,81.0,0.0,2025-09-15 06:42:46
Gypsum,70.0,0.0,2025-09-15 06:42:46
Gypsum Block,570.0,0.0,2025-09-15 06:42:46
Gypsum Board,27.0,0.0,2025-09-15 06:42:46
Gypsum Board  1.22x2.44 china board with 10mm thic,10.0,0.0,2025-09-15 06:42:46
Gypsum board,15.0,0.0,2025-09-15 06:42:46
Gypsum screw,3.0,0.0,2025-09-15 06:42:46
Gysum board 1200x2400x9mm Gypsum board,9741.6,0.0,2025-09-15 06:42:46
HCB 10MM,285.0,0.0,2025-09-15 06:42:46
HCB 20mm,200.0,0.0,2025-09-15 06:42:46
HDMI CABLE 20Meter,289.0,0.0,2025-09-15 06:42:46
HDMI cable,4.0,0.0,2025-09-15 06:42:46
"HP 151A Black LaserJet Toner Cartridge , HP Origin",10.0,0.0,2025-09-15 06:42:46
HP 24'' Moinitor,7.0,0.0,2025-09-15 06:42:46
HP 4-cell 41Whr Battery(R-41015938) for HP 250 G5 ,1.0,0.0,2025-09-15 06:42:46
HP Color Laser Jet  Pro MFP M283 fdw Toner,2.0,0.0,2025-09-15 06:42:46
HP Smart 45 W External AC power adapter for HP 250,38.0,0.0,2025-09-15 06:42:46
HP Smart 45 W External AC power adapter(Charger) f,4.0,0.0,2025-09-15 06:42:46
HQ office LED light Power supply/ballast Brand: K-,1.0,0.0,2025-09-15 06:42:46
HQ office Support  SC to LC fiber patch cord(MM) w,1.0,0.0,2025-09-15 06:42:46
HQ office Support SC to LC fiber patch cord(SM) 3M,1.0,0.0,2025-09-15 06:42:46
Habtamu Yeshamble,3.0,0.0,2025-09-15 06:42:46
Hand Washer mixer,6.0,0.0,2025-09-15 06:42:46
Hand soap,74.0,60.0,2025-09-15 06:42:46
Hand soap purchase,15.0,0.0,2025-09-15 06:42:46
Havy duty puncher,6.0,0.0,2025-09-15 06:42:46
Hawi Hunde 45W AC Charger for HP 250 G8 NoteBook P,1.0,0.0,2025-09-15 06:42:46
Head phone Sterio,6.0,0.0,2025-09-15 06:42:46
Helmet Cap blublack,82.0,0.0,2025-09-15 06:42:46
High Back Blue color Mesh chair,64.0,0.0,2025-09-15 06:42:46
High tenstion Nastro,9.0,0.0,2025-09-15 06:42:46
Hinge,110.0,0.0,2025-09-15 06:42:46
Hook,60.0,0.0,2025-09-15 06:42:46
Horizontal Curtain with total 57m2 for eigth windo,49.33,0.0,2025-09-15 06:42:46
Hydrolic hose,2.0,0.0,2025-09-15 06:42:46
Hyundai H-1  Air Suspension Flange RHS,1.0,0.0,2025-09-15 06:42:46
Hyundai H-1  Plate no  A21783 Air Cleaner purchase,1.0,0.0,2025-09-15 06:42:46
Hyundai H-1  Stabilizer Link LHS and RHS,4.0,0.0,2025-09-15 06:42:46
Hyundai H-1 Plate no  A21783 Front Brake Pad  purc,1.0,0.0,2025-09-15 06:42:46
Hyundai i10s   Brake Pad front,1.0,0.0,2025-09-15 06:42:46
Hyundai i10s   FUSE-BLADE 100A,1.0,0.0,2025-09-15 06:42:46
Hyundai i10s  Oil Filter,1.0,0.0,2025-09-15 06:42:46
Hyundai i10s 21140  SENSOR ASSY - OUTPUT SPEED,1.0,0.0,2025-09-15 06:42:46
Hyundai i10s 21140-,4.0,0.0,2025-09-15 06:42:46
Hyundai i10s 68062 Bridgestone 175/70 R13,2.0,0.0,2025-09-15 06:42:46
Hyundai i10s 68082  Bridgestone 175/70 R13,4.0,0.0,2025-09-15 06:42:46
Hyundai i10s 68651 RB 70 AH Sealed battry   on Oct,1.0,0.0,2025-09-15 06:42:46
ID card holder,100.0,0.0,2025-09-15 06:42:46
IE,33.0,0.0,2025-09-15 06:42:46
IE  sales stamp titeer purchas,2.0,0.0,2025-09-15 06:42:46
ISDN Modem SHDTUB03-E1-AD,1.0,0.0,2025-09-15 06:42:46
ISR4461/K9,1.0,0.0,2025-09-15 06:42:46
Imported from China made Shelf  Dixson shelf WXLXH,225.0,0.0,2025-09-15 06:42:46
Ink stamp,20.0,0.0,2025-09-15 06:42:46
Jucntion box,6.0,0.0,2025-09-15 06:42:46
Juice mexser,1.0,0.0,2025-09-15 06:42:46
Junction Box  10*15,15.0,0.0,2025-09-15 06:42:46
Junction box,180.0,0.0,2025-09-15 06:42:46
Junction box  6X10,24.0,0.0,2025-09-15 06:42:46
Junksion BOX 10*10,6.0,0.0,2025-09-15 06:42:46
Junktion Box 15x20 cm,8.0,0.0,2025-09-15 06:42:46
Keyston Jack,40.0,0.0,2025-09-15 06:42:46
Kitchen Light,9.0,0.0,2025-09-15 06:42:46
Korkoro,20.0,0.0,2025-09-15 06:42:46
L -connector,40.0,0.0,2025-09-15 06:42:46
L angle  for LED light modfication,35.0,0.0,2025-09-15 06:42:46
L angle  for gypsum board,10.0,0.0,2025-09-15 06:42:46
L angle Aluminum L angle for Gypsum board(1pc Leng,440.0,0.0,2025-09-15 06:42:46
L angle white Aluminum  L angle for LED light modf,7814.0,0.0,2025-09-15 06:42:46
L&Z Angle connector,144.0,0.0,2025-09-15 06:42:46
L-Connector,30.0,0.0,2025-09-15 06:42:46
L-profile,28.0,0.0,2025-09-15 06:42:46
LE Solutions,2.0,0.0,2025-09-15 06:42:46
LED Ballast(driver),7569.0,0.0,2025-09-15 06:42:46
"LED Dimmable Spot
Light",48.0,0.0,2025-09-15 06:42:46
LED Lamp Beads,7779.0,54.0,2025-09-15 06:42:46
LED Lamp Beads( CONNECTOR ),10740.0,3.0,2025-09-15 06:42:46
LED bulb,25.0,0.0,2025-09-15 06:42:46
LED electrical  light with 60*60mm,10.0,0.0,2025-09-15 06:42:46
LED hanging Light,8.0,0.0,2025-09-15 06:42:46
LED lights,1025.0,0.0,2025-09-15 06:42:46
LED phase indicator,3.0,0.0,2025-09-15 06:42:46
LIC-C9300-24E-3Y,1.0,0.0,2025-09-15 06:42:46
LIC-ENT-3YR,169.0,0.0,2025-09-15 06:42:46
LIC-MS130-24-3Y,1.0,0.0,2025-09-15 06:42:46
LIC-MV-3YR,625.0,0.0,2025-09-15 06:42:46
Labeller casette,2.0,2.0,2025-09-15 06:42:46
Labelling Tape Cassette (12MM) purchase,9.0,0.0,2025-09-15 06:42:46
Labelling tape cassette,16.0,0.0,2025-09-15 06:42:46
Labler caset,1.0,0.0,2025-09-15 06:42:46
Lama,2.0,0.0,2025-09-15 06:42:46
Lamera plate,2.0,0.0,2025-09-15 06:42:46
Lamp,9.0,0.0,2025-09-15 06:42:46
Largo 5L,25.0,0.0,2025-09-15 06:42:46
LaserJet Toner Cartridge 151A W1510A,3.0,0.0,2025-09-15 06:42:46
Lastro,1.0,0.0,2025-09-15 06:42:46
Latch,20.0,0.0,2025-09-15 06:42:46
Length M10 anchor bolt,70.0,0.0,2025-09-15 06:42:46
Light  switch,10.0,0.0,2025-09-15 06:42:46
Light  switch single gang  white colour with dimen,6.0,0.0,2025-09-15 06:42:46
Light Haging chain,30.0,0.0,2025-09-15 06:42:46
Light Motion Sensor,100.0,0.0,2025-09-15 06:42:46
Light Switch,4.0,0.0,2025-09-15 06:42:46
Light Switch duable gang white colour  with dimens,6.0,0.0,2025-09-15 06:42:46
Lights Pool Office and Traing Staffs Rooms,5184.0,0.0,2025-09-15 06:42:46
Little mafase,1.0,0.0,2025-09-15 06:42:46
Locker Key Cylinder,35.0,0.0,2025-09-15 06:42:46
"Logitech HD Pro Webcam C920, Widescreen Video Call",4.0,0.0,2025-09-15 06:42:46
Logo Mica and foam 50cm*86cm for Plan minister,1.0,0.0,2025-09-15 06:42:46
Lower Arm bushing Big,2.0,0.0,2025-09-15 06:42:46
MA-PWR-CORD-EU,9.0,0.0,2025-09-15 06:42:46
MEM-4460-8G,1.0,0.0,2025-09-15 06:42:46
MEM-4460-DP-4G,1.0,0.0,2025-09-15 06:42:46
MR36-HW,169.0,0.0,2025-09-15 06:42:46
MS130-24P-HW,1.0,0.0,2025-09-15 06:42:46
MV13-HW,625.0,0.0,2025-09-15 06:42:46
Magnetic rails Pool Office and Traing Staffs Rooms,36.0,0.0,2025-09-15 06:42:46
Main breaker,10.0,0.0,2025-09-15 06:42:46
Main breaker for  light,12.0,0.0,2025-09-15 06:42:46
Main gate  light,1.0,0.0,2025-09-15 06:42:46
Managerial Room Light,16.0,0.0,2025-09-15 06:42:46
Managers Chair,34.0,0.0,2025-09-15 06:42:46
Managers Table,34.0,0.0,2025-09-15 06:42:46
Manifold Gauge,1.0,2.0,2025-09-15 06:42:46
Meeting Room 1  window curtain,4.0,0.0,2025-09-15 06:42:46
Meeting Room 1  window curtain 1,4.0,0.0,2025-09-15 06:42:46
Meeting Room Light,4.0,0.0,2025-09-15 06:42:46
Meeting Room2  window curtain,1.0,0.0,2025-09-15 06:42:46
Meeting Room2  window curtain 1,1.0,0.0,2025-09-15 06:42:46
Meeting Table,8.0,0.0,2025-09-15 06:42:46
Meeting chair,288.0,0.0,2025-09-15 06:42:46
Mequannent worku 3-cell or 6-cell Lithium-ion batt,1.0,0.0,2025-09-15 06:42:46
Metal Fisher,250.0,0.0,2025-09-15 06:42:46
Metal Fisher 8mm,50.0,0.0,2025-09-15 06:42:46
Metal Fisher No 10,50.0,0.0,2025-09-15 06:42:46
Metal Junction Box 27*27 CM,4.0,0.0,2025-09-15 06:42:46
Metal Punta,4.0,0.0,2025-09-15 06:42:46
Metal Punta 8',4.0,0.0,2025-09-15 06:42:46
Metal cutter disc,9.0,0.0,2025-09-15 06:42:46
Metal fisher,40000.0,0.0,2025-09-15 06:42:46
Metal fisher 6mm 1 packet 100 pcs,24.0,0.0,2025-09-15 06:42:46
Metal punta,2.0,0.0,2025-09-15 06:42:46
Meto alka brush,4.0,0.0,2025-09-15 06:42:46
Mewelwaya,2.0,0.0,2025-09-15 06:42:46
Michael Kassahun and Misiker Eyilachew - 45W AC Ch,2.0,0.0,2025-09-15 06:42:46
Microwave,1.0,0.0,2025-09-15 06:42:46
Mikiyas Girma Laptop Battery for Lenovo IdeaPad E5,1.0,0.0,2025-09-15 06:42:46
Misganaw Kebed C10:C15e 45W AC Charger for HP 250 ,1.0,0.0,2025-09-15 06:42:46
Mission Measuring A1 paper 841 x 594 mm (33.1 x 23,2.0,0.0,2025-09-15 06:42:46
Morale Australia 4*5 cm morale,25.0,0.0,2025-09-15 06:42:46
Morale australia 4x5 1pcs=4m,24.0,0.0,2025-09-15 06:42:46
Moralle,4.0,0.0,2025-09-15 06:42:46
Motor Wear for Bus,1.0,0.0,2025-09-15 06:42:46
Movable Partitions Wall 12.5m,162.5,0.0,2025-09-15 06:42:46
Movable Partitions Wall 12.98m,168.67499999999998,0.0,2025-09-15 06:42:46
Mudjulator for Bus,1.0,0.0,2025-09-15 06:42:46
Multi meter,4.0,0.0,2025-09-15 06:42:46
NIKAI 55 INCH,5.0,0.0,2025-09-15 06:42:46
NIM-BLANK,9.0,0.0,2025-09-15 06:42:46
NOC room and Class room area light,49.0,0.0,2025-09-15 06:42:46
Nail,6.0,0.0,2025-09-15 06:42:46
"Nail 8mm,10mm,12mm 1pcs=5KG",3.0,0.0,2025-09-15 06:42:46
Nastro,113.0,0.0,2025-09-15 06:42:46
Nefasilk Syntetic Supper White Paint All of the HQ,44.0,0.0,2025-09-15 06:42:46
Nipple,2.0,0.0,2025-09-15 06:42:46
Normal Titer Stamp,5.0,0.0,2025-09-15 06:42:46
Normal white O neck T-Shirts with BTF print,10.0,0.0,2025-09-15 06:42:46
Nut 6mm,2400.0,0.0,2025-09-15 06:42:46
Nut No 10,50.0,0.0,2025-09-15 06:42:46
Nut no10,250.0,0.0,2025-09-15 06:42:46
OFFICE FILE,10100.0,0.0,2025-09-15 06:42:46
OMO 5kG,1.0,0.0,2025-09-15 06:42:46
OMO 5kG purchase,2.0,0.0,2025-09-15 06:42:46
OMO 5ltr,4.0,0.0,2025-09-15 06:42:46
ORDERING-UC,1.0,0.0,2025-09-15 06:42:46
Office Chair,4050.0,0.0,2025-09-15 06:42:46
Office Table,4050.0,0.0,2025-09-15 06:42:46
Oil Filter,1.0,0.0,2025-09-15 06:42:46
Oil filter,1.0,0.0,2025-09-15 06:42:46
Oil filter Fleet guard LF 3345,2.0,0.0,2025-09-15 06:42:46
Omo 5 KG,25.0,0.0,2025-09-15 06:42:46
Outdoor Wall Mounting Bracket WM2TR,50.0,0.0,2025-09-15 06:42:46
Oven SGMM945,4.0,0.0,2025-09-15 06:42:46
PDU,1482.0,4.0,2025-09-15 06:42:46
POE-COVER-4450,4.0,0.0,2025-09-15 06:42:46
PPC Cement,29.0,0.0,2025-09-15 06:42:46
PPR C-clap,450.0,450.0,2025-09-15 06:42:46
PPR connector,60.0,60.0,2025-09-15 06:42:46
PPR cross connector,20.0,20.0,2025-09-15 06:42:46
PPR pipe,75.0,75.0,2025-09-15 06:42:46
PVC  50 mm,4.0,0.0,2025-09-15 06:42:46
PVC 110,1.0,0.0,2025-09-15 06:42:46
PVC Mastish,1.0,0.0,2025-09-15 06:42:46
PVC Spocket,1.0,0.0,2025-09-15 06:42:46
PVC T,10.0,0.0,2025-09-15 06:42:46
PVC edge (Viner),1.0,0.0,2025-09-15 06:42:46
PWR-4460-650-AC,1.0,0.0,2025-09-15 06:42:46
PWR-COVER-4450,1.0,0.0,2025-09-15 06:42:46
Paint,6.0,1.0,2025-09-15 06:42:46
Paint brush,4.0,0.0,2025-09-15 06:42:46
Paint car paint Jet White  in gallon,3.0,0.0,2025-09-15 06:42:46
Paint car paint Jet White  in kg,1.0,0.0,2025-09-15 06:42:46
Pen,5.0,486.0,2025-09-15 06:42:46
Pencil 2B,24.0,0.0,2025-09-15 06:42:46
Perfueme,8.0,0.0,2025-09-15 06:42:46
Perfume,3.0,0.0,2025-09-15 06:42:46
Pick up truck,4.0,0.0,2025-09-15 06:42:46
Picture frame foamboard with sticker print 80cm x ,1.0,0.0,2025-09-15 06:42:46
Pillers,9.0,0.0,2025-09-15 06:42:46
Pipe,2.0,0.0,2025-09-15 06:42:46
Pipe 1mm,10.0,0.0,2025-09-15 06:42:46
Pipe 50mm,1.0,0.0,2025-09-15 06:42:46
Pit floor Spring,2.0,0.0,2025-09-15 06:42:46
Plant or Flower Pot Stand,24.0,0.0,2025-09-15 06:42:46
Plaster,405.0,0.0,2025-09-15 06:42:46
Plaster  big,30.0,0.0,2025-09-15 06:42:46
Plaster Abro,36.0,0.0,2025-09-15 06:42:46
Plastic paint for wall,160.0,0.0,2025-09-15 06:42:46
Pool Office  window curtainn 1,4.0,0.0,2025-09-15 06:42:46
Pool Office  window curtainn 2,1.0,0.0,2025-09-15 06:42:46
Pool Office  window curtainn 3,1.0,0.0,2025-09-15 06:42:46
Pool Table,2.0,0.0,2025-09-15 06:42:46
Portable Fire extingusher,9.0,0.0,2025-09-15 06:42:46
Power Adapter  12V 3A,1.0,0.0,2025-09-15 06:42:46
Power cable,200.0,0.0,2025-09-15 06:42:46
Power cable  3x2.5mm,200.0,0.0,2025-09-15 06:42:46
Power cable 3x2.5mm,100.0,0.0,2025-09-15 06:42:46
Power socket from 3 to 2 port converter,25.0,0.0,2025-09-15 06:42:46
Powerbank,50.0,0.0,2025-09-15 06:42:46
Presure cooker,1.0,0.0,2025-09-15 06:42:46
Punta,12.0,1.0,2025-09-15 06:42:46
Punta 12',1.0,0.0,2025-09-15 06:42:46
Put no 6,2.0,0.0,2025-09-15 06:42:46
RAM cot with hardener,13.0,0.0,2025-09-15 06:42:46
RHS  40x40 x2mm,6.0,0.0,2025-09-15 06:42:46
RHS 20x40x1.5mm,13.0,0.0,2025-09-15 06:42:46
RHS 40*40*1.5mm,2.0,0.0,2025-09-15 06:42:46
RHS 40*40*3MM,1.0,0.0,2025-09-15 06:42:46
RHS 40x40x1.5mm,15.0,0.0,2025-09-15 06:42:46
RHS 60x60 x2mm,5.0,0.0,2025-09-15 06:42:46
RHS With 0.4cm*0.4cm with size 2mm,13.0,0.0,2025-09-15 06:42:46
RJ 45,240.0,0.0,2025-09-15 06:42:46
RJ-45 8 pin,200.0,0.0,2025-09-15 06:42:46
RJ45,170.0,100.0,2025-09-15 06:42:46
Ramsey shoes for melkamu 1,1.0,0.0,2025-09-15 06:42:46
Ramsey shoes for melkamu 2,1.0,0.0,2025-09-15 06:42:46
Reception curtain,4.0,0.0,2025-09-15 06:42:46
Rechargeable Li-ion battery pack DC 14.4v --2200mA,1.0,0.0,2025-09-15 06:42:46
Reciption light,1.0,0.0,2025-09-15 06:42:46
Reducer,3.0,0.0,2025-09-15 06:42:46
Refregrator,1.0,0.0,2025-09-15 06:42:46
Refrigerant R-410,1.0,0.0,2025-09-15 06:42:46
Refrigerator GR-B479NUM,1.0,0.0,2025-09-15 06:42:46
Relse Bearing,1.0,0.0,2025-09-15 06:42:46
Rigid conduit 19mm,5.0,0.0,2025-09-15 06:42:46
Rinal Bottel Trap,1.0,0.0,2025-09-15 06:42:46
Rj45,200.0,0.0,2025-09-15 06:42:46
Roll up banner,2.0,19.0,2025-09-15 06:42:46
Roll up banner 200*80CM,1.0,0.0,2025-09-15 06:42:46
Roll-Up Banners (With Assembly),2.0,0.0,2025-09-15 06:42:46
Roller,3.0,0.0,2025-09-15 06:42:46
Roller Burish,5.0,0.0,2025-09-15 06:42:46
Rondela  17,50.0,0.0,2025-09-15 06:42:46
Rubber Insulation RI38,4050.0,0.0,2025-09-15 06:42:46
Rubber Insulation RI58,4050.0,0.0,2025-09-15 06:42:46
SDB,3.0,0.0,2025-09-15 06:42:46
"SDB  sub-distribution board with
	6 pcs of 16A 
	2",1.0,0.0,2025-09-15 06:42:46
SDB 30*25cm with neurtal and ground bus bar,1.0,0.0,2025-09-15 06:42:46
SDB 30x40cm with neurtal and ground bus bar,1.0,0.0,2025-09-15 06:42:46
SISR44V2UK9176,1.0,0.0,2025-09-15 06:42:46
SL-44-IPB-K9,1.0,0.0,2025-09-15 06:42:46
SL-44-UC-K9,1.0,0.0,2025-09-15 06:42:46
SM-F-BLANK,1.0,0.0,2025-09-15 06:42:46
SM-S-BLANK,9.0,0.0,2025-09-15 06:42:46
SPLIT AC 2.0TR ROTARY R410 MIDEA -MST1AG-24CRN1,18.0,0.0,2025-09-15 06:42:46
SR-JUMP-2MC13,16.0,0.0,2025-09-15 06:42:46
SVS-FLEX-SUPT-BAS,400.0,0.0,2025-09-15 06:42:46
Safarian,3.0,0.0,2025-09-15 06:42:46
Safty cloth,1.0,0.0,2025-09-15 06:42:46
Safty shoes,34.0,0.0,2025-09-15 06:42:46
Samuel Atlaw,3.0,0.0,2025-09-15 06:42:46
Sand,11.0,4.0,2025-09-15 06:42:46
Sand  Paper P120,30.0,0.0,2025-09-15 06:42:46
Sand 16m3 with sino,16.0,0.0,2025-09-15 06:42:46
Sand Paper P360,30.0,0.0,2025-09-15 06:42:46
Sand paper,1.0,0.0,2025-09-15 06:42:46
Sand paper NO60,36.0,0.0,2025-09-15 06:42:46
Sand pepar,10.0,0.0,2025-09-15 06:42:46
Sanitizer  5 L purchase,3.0,0.0,2025-09-15 06:42:46
Scotch,21.0,0.0,2025-09-15 06:42:46
Screw 2MM,1.0,0.0,2025-09-15 06:42:46
Screw 6mm,5.0,0.0,2025-09-15 06:42:46
Self screw,2.0,2.0,2025-09-15 06:42:46
Shataf,1.0,0.0,2025-09-15 06:42:46
Sheet metal 1mm,3.0,0.0,2025-09-15 06:42:46
"Shelf, Height - 75cm Width - 160cm Depth- 50 cm Ha",1.0,0.0,2025-09-15 06:42:46
"Shelf, locker with a key and  have two internal ro",6.0,0.0,2025-09-15 06:42:46
Shetaf,12.0,0.0,2025-09-15 06:42:46
Shock Absorber Flange,1.0,0.0,2025-09-15 06:42:46
Side Cutter,2.0,21.0,2025-09-15 06:42:46
Silcon,52.0,0.0,2025-09-15 06:42:46
Silcon Black,5.0,0.0,2025-09-15 06:42:46
Silcon Clear,19.0,0.0,2025-09-15 06:42:46
Silcon clear,48.0,0.0,2025-09-15 06:42:46
Silcone white abro brand,240.0,0.0,2025-09-15 06:42:46
Silicon White,4.0,0.0,2025-09-15 06:42:46
Silver 38mm*600mm,2.0,0.0,2025-09-15 06:42:46
Single Ganag Switch,1680.0,0.0,2025-09-15 06:42:46
Sink for kitchen 90*45mm both cold and hot,1.0,0.0,2025-09-15 06:42:46
"Sisay Shiferaw 4 Cell 41Wh Li-ion Battery, 2550mAh",1.0,0.0,2025-09-15 06:42:46
Skerting,7.0,0.0,2025-09-15 06:42:46
Skirting,9.0,0.0,2025-09-15 06:42:46
Sleeve,65.0,0.0,2025-09-15 06:42:46
Small grinder disc,2.0,0.0,2025-09-15 06:42:46
Small metal hinge,20.0,0.0,2025-09-15 06:42:46
Snack dishs,12.0,0.0,2025-09-15 06:42:46
Socket,30.0,0.0,2025-09-15 06:42:46
Socket 2PIN,961.0,0.0,2025-09-15 06:42:46
Sofa L shape,1.0,0.0,2025-09-15 06:42:46
Solomon Teshome 40WH M5Y1K 14.8V Laptop Battery fo,1.0,0.0,2025-09-15 06:42:46
Spary,3.0,0.0,2025-09-15 06:42:46
Spot light  LED 3W,36.0,0.0,2025-09-15 06:42:46
Spot light lamps,900.0,0.0,2025-09-15 06:42:46
Spray,9.0,0.0,2025-09-15 06:42:46
Staff  Table,98.0,0.0,2025-09-15 06:42:46
Staff Chair,98.0,0.0,2025-09-15 06:42:46
Steel Plate 10cm x10cm-,3.0,0.0,2025-09-15 06:42:46
Stone 16m3 with  Sino,16.0,0.0,2025-09-15 06:42:46
"Store,manager office and Data center light",49.0,0.0,2025-09-15 06:42:46
Stpler remover,1.0,0.0,2025-09-15 06:42:46
Strip LED light,125.0,0.0,2025-09-15 06:42:46
Stuko with hardner kadisco,1.0,0.0,2025-09-15 06:42:46
Sub Distribution boared,1.0,0.0,2025-09-15 06:42:46
Suger bowl,2.0,0.0,2025-09-15 06:42:46
Sultan Mohammed ADLX65CCGK2A Model 65W Ac Charger ,1.0,0.0,2025-09-15 06:42:46
Supper water Paint,8.0,0.0,2025-09-15 06:42:46
"Supply, Installation, and Commissioning of new Sto",121.0,0.0,2025-09-15 06:42:46
Surafel Kifle,3.0,0.0,2025-09-15 06:42:46
Surface cleaner 5L purchase,3.0,0.0,2025-09-15 06:42:46
Surface socket surface  socket with three pin,3.0,0.0,2025-09-15 06:42:46
T Frame as per the sample,144.0,0.0,2025-09-15 06:42:46
T-connector,70.0,70.0,2025-09-15 06:42:46
TE-R-SW,1.0,0.0,2025-09-15 06:42:46
TP Link 4G LTE Dongle Wifi router,2.0,0.0,2025-09-15 06:42:46
TV   32 inch,1.0,0.0,2025-09-15 06:42:46
TV Floor Stand,15.0,0.0,2025-09-15 06:42:46
TV mounting kit FOR 80 INCH,2.0,0.0,2025-09-15 06:42:46
Table,1.0,0.0,2025-09-15 06:42:46
Tangle Valv dobe,12.0,0.0,2025-09-15 06:42:46
Tape for Bus Normal,1.0,0.0,2025-09-15 06:42:46
Teflon,24.0,0.0,2025-09-15 06:42:46
Teklu Abebe,3.0,0.0,2025-09-15 06:42:46
Teklu Abebe 8 GB DDR3 RAM for HP ProBook 450 G1,1.0,0.0,2025-09-15 06:42:46
Thermos,50.0,0.0,2025-09-15 06:42:46
Thiner,6.0,0.0,2025-09-15 06:42:46
Thinner,33.0,0.0,2025-09-15 06:42:46
Tiner in gallon,3.0,0.0,2025-09-15 06:42:46
Tinner/dulenti,424.0,0.0,2025-09-15 06:42:46
Toilet acid purchase,2.0,0.0,2025-09-15 06:42:46
Toilet light,36.0,0.0,2025-09-15 06:42:46
Toilet paper,700.0,190.0,2025-09-15 06:42:46
Toilet paper purchase,170.0,0.0,2025-09-15 06:42:46
Toner (125A),3.0,2.0,2025-09-15 06:42:46
Toner (55A),10.0,8.0,2025-09-15 06:42:46
Toner (Lexmark MS810dn),16.0,15.0,2025-09-15 06:42:46
Toner( 37 A ),6.0,0.0,2025-09-15 06:42:46
Tonner 151 A purchas,10.0,0.0,2025-09-15 06:42:46
Toply Super ALKALINE AA LR6 1.5V,5.0,0.0,2025-09-15 06:42:46
Toply Super ALKALINE AAA LR03 1.5V,5.0,0.0,2025-09-15 06:42:46
Towel 30*30mm,15.0,0.0,2025-09-15 06:42:46
Toyota Corolla 2007 model automatic  Front Shock a,2.0,0.0,2025-09-15 06:42:46
Traning Manager room window curtain,1.0,0.0,2025-09-15 06:42:46
Traning Room 1  window curtain,1.0,0.0,2025-09-15 06:42:46
Traning Room 2 window curtain,1.0,0.0,2025-09-15 06:42:46
Traning Room 2 window curtain 1,1.0,0.0,2025-09-15 06:42:46
Traning Room 3  window curtainn,1.0,0.0,2025-09-15 06:42:46
Traning Room 3  window curtainn 1,1.0,0.0,2025-09-15 06:42:46
Triangle  215/45 R17,2.0,0.0,2025-09-15 06:42:46
Triangle Tyre 215/70 R16 Purchase,2.0,0.0,2025-09-15 06:42:46
Trid rod no10,50.0,0.0,2025-09-15 06:42:46
Trtios plate no 70617  Triangle brand tyier  215/6,4.0,0.0,2025-09-15 06:42:46
Trunk,10.0,0.0,2025-09-15 06:42:46
Trunk 100x50,20.0,0.0,2025-09-15 06:42:46
Trunk 16*25mm,64.0,0.0,2025-09-15 06:42:46
Trunk 16x25mm,6.0,0.0,2025-09-15 06:42:46
Trunk 40x25,60.0,0.0,2025-09-15 06:42:46
Trunking,5.0,0.0,2025-09-15 06:42:46
Tv stand,1.0,0.0,2025-09-15 06:42:46
Two port face plate,43.0,0.0,2025-09-15 06:42:46
"UARD ASSY-FRONT WHEEL,LH with car plate no (21141)",1.0,0.0,2025-09-15 06:42:46
USB connector,2.0,0.0,2025-09-15 06:42:46
USB extension cable,1.0,0.0,2025-09-15 06:42:46
UV printing on acrylic and foam boards letter only,1.0,0.0,2025-09-15 06:42:46
Upper Patch  copper sleeve,2.0,0.0,2025-09-15 06:42:46
Urinal angle valve,2.0,0.0,2025-09-15 06:42:46
V-Belt Tensioner,1.0,0.0,2025-09-15 06:42:46
VIM,15.0,0.0,2025-09-15 06:42:46
Varnesh / Paint 1L,8.0,0.0,2025-09-15 06:42:46
Vision Measuring A1 paper 841 x 594 mm (33.1 x 23.,2.0,0.0,2025-09-15 06:42:46
WC  cover,12.0,0.0,2025-09-15 06:42:46
WC Cifon,18.0,0.0,2025-09-15 06:42:46
WC P-Trap set,1.0,0.0,2025-09-15 06:42:46
WC accessory(aqua),12.0,0.0,2025-09-15 06:42:46
Wall Frame Picture Insert purchase,1.0,0.0,2025-09-15 06:42:46
Washer No 10,50.0,0.0,2025-09-15 06:42:46
Washer no 10,250.0,0.0,2025-09-15 06:42:46
Water Boiler,1.0,0.0,2025-09-15 06:42:46
Water Pump ASS- Coolant  Hyundai i10s 68082,1.0,0.0,2025-09-15 06:42:46
Water paint for slab,154.0,0.0,2025-09-15 06:42:46
Water proof Ciemetitious(royal) above screed MiX G,3.0,0.0,2025-09-15 06:42:46
Water proof socket,1.0,0.0,2025-09-15 06:42:46
White Borad 200132,25.0,0.0,2025-09-15 06:42:46
White board Marker,2.0,0.0,2025-09-15 06:42:46
White cement,12.0,0.0,2025-09-15 06:42:46
White sparay,2.0,0.0,2025-09-15 06:42:46
White spray,2.0,0.0,2025-09-15 06:42:46
Window cleaner,20.0,0.0,2025-09-15 06:42:46
Window cleaner purchase,5.0,0.0,2025-09-15 06:42:46
Window sticker 114x105,7.0,0.0,2025-09-15 06:42:46
Window sticker 114x107,7.0,0.0,2025-09-15 06:42:46
Window sticker 114x95,7.0,0.0,2025-09-15 06:42:46
Window sticker 61x105,1.0,0.0,2025-09-15 06:42:46
Window sticker 61x95,1.0,0.0,2025-09-15 06:42:46
Window sticker 65x105,1.0,0.0,2025-09-15 06:42:46
Window sticker 65x107,1.0,0.0,2025-09-15 06:42:46
Wood,49.0,0.0,2025-09-15 06:42:46
Wood screw,9.0,0.0,2025-09-15 06:42:46
Wooden Screw,6.0,0.0,2025-09-15 06:42:46
Wooden screew,2.0,0.0,2025-09-15 06:42:46
Wooden screw,4.0,3.0,2025-09-15 06:42:46
"Wulian gateway
adapter",576.0,0.0,2025-09-15 06:42:46
X-Pro 45AH car battry left side,1.0,0.0,2025-09-15 06:42:46
X-Pro sealed battry 90AH,1.0,0.0,2025-09-15 06:42:46
X-pro Battry with 45AH,1.0,0.0,2025-09-15 06:42:46
XSR-JUMP-2MC13-N,4.0,0.0,2025-09-15 06:42:46
Y N10,2.0,0.0,2025-09-15 06:42:46
Yayehyrad Ayalew - 512GB M.2 SSD / SATA 6.0Gb/s st,2.0,0.0,2025-09-15 06:42:46
Yibeltal Atalay PA-1450-55LU AC Charger for Lenovo,1.0,0.0,2025-09-15 06:42:46
ZKTeco No Touch Stainless Steel Door Exit Switch/T,1.0,0.0,2025-09-15 06:42:46
Zemi Smart Hub,1.0,0.0,2025-09-15 06:42:46
"abeselom gebrekidan 3-cell, 41 Wh Li-ion battery f",1.0,0.0,2025-09-15 06:42:46
anchor bolt,12.0,0.0,2025-09-15 06:42:46
arteficial hareg,5.0,0.0,2025-09-15 06:42:46
attakini,12.0,0.0,2025-09-15 06:42:46
aynalem fentay 8GB DDR4 RAM for Lenovo 81VS,1.0,0.0,2025-09-15 06:42:46
black paint,4.0,0.0,2025-09-15 06:42:46
breaker  32Amp,3.0,0.0,2025-09-15 06:42:46
breaker 32Amp Single phase,5.0,0.0,2025-09-15 06:42:46
car Spray,1.0,0.0,2025-09-15 06:42:46
chergeable drill punta/Screw head,1.0,0.0,2025-09-15 06:42:46
"circular planter with
 cactus",4.0,0.0,2025-09-15 06:42:46
cleaning  uniform,1.0,0.0,2025-09-15 06:42:46
clip nail,1.0,0.0,2025-09-15 06:42:46
coffee cup,6.0,0.0,2025-09-15 06:42:46
coffee grinder,1.0,0.0,2025-09-15 06:42:46
coffee service,3.0,0.0,2025-09-15 06:42:46
color changer solvent,12.0,0.0,2025-09-15 06:42:46
concret Drill bit orginal with no 6mm,10.0,0.0,2025-09-15 06:42:46
concrete nail,1.0,0.0,2025-09-15 06:42:46
conduite 19,22500.0,0.0,2025-09-15 06:42:46
construction Spoon,1.0,0.0,2025-09-15 06:42:46
distribution box,1.0,0.0,2025-09-15 06:42:46
doctore shose,4.0,0.0,2025-09-15 06:42:46
door hinges,2.0,0.0,2025-09-15 06:42:46
dril bit Punta pack,1.0,0.0,2025-09-15 06:42:46
electric Lastro,20.0,0.0,2025-09-15 06:42:46
electrod 2.5,1.0,0.0,2025-09-15 06:42:46
fasha,2.0,0.0,2025-09-15 06:42:46
fisher,131.0,0.0,2025-09-15 06:42:46
fisher 6mm plastic fisher,2.0,0.0,2025-09-15 06:42:46
fisher 8mm plastic fisher,3.0,0.0,2025-09-15 06:42:46
flud,3.0,0.0,2025-09-15 06:42:46
front door speaker with 260w),1.0,0.0,2025-09-15 06:42:46
gipsum blook,12.0,0.0,2025-09-15 06:42:46
glove,1.0,0.0,2025-09-15 06:42:46
golden screw num 8 golden screw,4.0,0.0,2025-09-15 06:42:46
guroro conduit,6400.0,12.0,2025-09-15 06:42:46
guroro conduit 50mm,1.0,0.0,2025-09-15 06:42:46
gypsum screw,1.0,0.0,2025-09-15 06:42:46
hand brush/meto aleka,1.0,0.0,2025-09-15 06:42:46
high presure water spray Gun,2.0,0.0,2025-09-15 06:42:46
jantor uniform purchase,3.0,0.0,2025-09-15 06:42:46
kacha,245.0,0.0,2025-09-15 06:42:46
keystone For UTP,20.0,0.0,2025-09-15 06:42:46
keystone jack,200.0,0.0,2025-09-15 06:42:46
knife,13.0,0.0,2025-09-15 06:42:46
knife Blade,1.0,0.0,2025-09-15 06:42:46
knife cutter blade,3.0,0.0,2025-09-15 06:42:46
kumtel room heater,3.0,0.0,2025-09-15 06:42:46
labeller casette,5.0,0.0,2025-09-15 06:42:46
large dish,2.0,0.0,2025-09-15 06:42:46
large hand paint brush,2.0,0.0,2025-09-15 06:42:46
largo 5 L,5.0,0.0,2025-09-15 06:42:46
lastro,20.0,0.0,2025-09-15 06:42:46
load channal /primer C channal,25.0,0.0,2025-09-15 06:42:46
load channal /primer C channal  Iron sheet metal t,195.0,0.0,2025-09-15 06:42:46
manual key,1.0,0.0,2025-09-15 06:42:46
"medium textured 
circular  planter",3.0,0.0,2025-09-15 06:42:46
"medium textured 
circular  planter
 with zamioculc",1.0,0.0,2025-09-15 06:42:46
memory or SD card with 256 GB,4.0,0.0,2025-09-15 06:42:46
metal Punta 6',2.0,0.0,2025-09-15 06:42:46
midium dust,1.0,0.0,2025-09-15 06:42:46
morale,7.0,0.0,2025-09-15 06:42:46
network outlate white Scatola 8*8 mm,25.0,0.0,2025-09-15 06:42:46
oil pressure sensor,1.0,0.0,2025-09-15 06:42:46
out door sinage,1.0,0.0,2025-09-15 06:42:46
paint Brush roller type paint brush,2.0,0.0,2025-09-15 06:42:46
plant and soil replacement and treatment genet kel,1.0,0.0,2025-09-15 06:42:46
power cable  3x2.5 mm2 High quality   shielded  po,1100.0,0.0,2025-09-15 06:42:46
power cable  3×2.5mm²,200.0,0.0,2025-09-15 06:42:46
punta Total brand no 6,15.0,0.0,2025-09-15 06:42:46
punta Total brand no10,5.0,0.0,2025-09-15 06:42:46
reflector,98.0,0.0,2025-09-15 06:42:46
regular wall mount socket,5.0,0.0,2025-09-15 06:42:46
samuel belayneh 8 GB DDR4-2666 MHz RAM (1 x 8 GB) ,1.0,0.0,2025-09-15 06:42:46
sand paper,3.0,1.0,2025-09-15 06:42:46
sandels shose,1.0,0.0,2025-09-15 06:42:46
scotch,1.0,0.0,2025-09-15 06:42:46
screw-size 4,4.0,0.0,2025-09-15 06:42:46
serface Cleaner 5L,4.0,0.0,2025-09-15 06:42:46
sheet metal1x2x 1mm,5.0,0.0,2025-09-15 06:42:46
silicon  clear,4.0,0.0,2025-09-15 06:42:46
silicone white and clear colour,6.0,0.0,2025-09-15 06:42:46
single gang switch,1.0,0.0,2025-09-15 06:42:46
small brush for metal paint,2.0,0.0,2025-09-15 06:42:46
small mefas,1.0,0.0,2025-09-15 06:42:46
smart bleech purchase,2.0,0.0,2025-09-15 06:42:46
socket,6.0,0.0,2025-09-15 06:42:46
soldering lead 0.8,3.0,0.0,2025-09-15 06:42:46
spray,3.0,0.0,2025-09-15 06:42:46
stamp request Fikirte Kibru,1.0,0.0,2025-09-15 06:42:46
stamp request Michael Kassahun,1.0,0.0,2025-09-15 06:42:46
stamp request Naod Mekonnen,1.0,0.0,2025-09-15 06:42:46
stamp request Yohannes Gebremedhin,1.0,0.0,2025-09-15 06:42:46
sticker  for culture site,10.0,0.0,2025-09-15 06:42:46
sticker  for south site,2304.0,0.0,2025-09-15 06:42:46
sticker (Super stare frame ),4.0,0.0,2025-09-15 06:42:46
stove,1.0,0.0,2025-09-15 06:42:46
surfacemount  socket with three pin,5.0,0.0,2025-09-15 06:42:46
tea cup,6.0,0.0,2025-09-15 06:42:46
thinner,2.0,0.0,2025-09-15 06:42:46
toilet pump purchase,2.0,0.0,2025-09-15 06:42:46
tp link 4 port ethernet hub,4.0,0.0,2025-09-15 06:42:46
"tsion asmamaw,abdulaziz mohammed and tagicho shita",3.0,0.0,2025-09-15 06:42:46
varnish varnish for stone(1pcs=1L),5.0,0.0,2025-09-15 06:42:46
wall mount socket,2.0,0.0,2025-09-15 06:42:46
washing branded standard hose,8.0,0.0,2025-09-15 06:42:46
water Despencer SGL11719,1.0,0.0,2025-09-15 06:42:46
water Pump 1.5HP Total brand,1.0,0.0,2025-09-15 06:42:46
web camera C920 Logitech,2.0,0.0,2025-09-15 06:42:46
welding wire,2.0,0.0,2025-09-15 06:42:46
white  wire 2.5 mm,100.0,0.0,2025-09-15 06:42:46
white Plaster /paper,8.0,0.0,2025-09-15 06:42:46
wood cutter,2.0,0.0,2025-09-15 06:42:46
wooden Screw 6mm wooden screw,3.0,0.0,2025-09-15 06:42:46
−Window sticker 65x95,1.0,0.0,2025-09-15 06:42:46
